                  epoch,         train/box_loss,         train/cls_loss,         train/dfl_loss,   metrics/precision(B),      metrics/recall(B),       metrics/mAP50(B),    metrics/mAP50-95(B),           val/box_loss,           val/cls_loss,           val/dfl_loss,                 lr/pg0,                 lr/pg1,                 lr/pg2
                      0,                 1.3521,                 2.0783,                 1.4645,                0.85837,                0.69433,                0.78843,                0.50832,                 1.3115,                 1.6808,                 1.5303,             0.00054942,             0.00054942,             0.00054942
                      1,                 1.2445,                  1.463,                 1.3578,                0.75346,                0.76378,                0.79128,                0.50377,                 1.2347,                 1.6526,                 1.4744,              0.0010996,              0.0010996,              0.0010996
                      2,                 1.2643,                 1.3501,                 1.3544,                0.75782,                0.76541,                0.82126,                0.51353,                 1.3197,                 1.5729,                 1.5509,              0.0016443,              0.0016443,              0.0016443
                      3,                 1.2638,                 1.2128,                 1.3449,                0.94032,                0.77236,                0.87301,                0.55835,                 1.3508,                0.97411,                 1.5545,              0.0016422,              0.0016422,              0.0016422
                      4,                 1.2254,                  1.088,                 1.3233,                0.82397,                0.80088,                0.83943,                0.55265,                 1.2306,                0.96121,                 1.4759,              0.0016422,              0.0016422,              0.0016422
                      5,                  1.194,                 1.0329,                 1.3131,                0.89908,                0.78061,                0.87121,                0.56162,                 1.2303,                0.88061,                 1.4651,               0.001634,               0.001634,               0.001634
                      6,                  1.179,                0.98692,                  1.291,                0.89068,                0.80426,                0.87098,                0.55624,                  1.173,                0.98858,                 1.4146,              0.0016257,              0.0016257,              0.0016257
                      7,                 1.1565,                0.94287,                 1.2833,                0.88454,                0.87433,                0.90896,                0.61805,                 1.1756,                0.76575,                  1.383,              0.0016175,              0.0016175,              0.0016175
                      8,                 1.1417,                0.88761,                 1.2557,                0.92921,                0.78689,                0.88713,                0.60439,                 1.1994,                0.90232,                 1.4123,              0.0016092,              0.0016092,              0.0016092
                      9,                 1.1409,                0.89918,                 1.2639,                0.88922,                0.83466,                0.90397,                0.61559,                 1.0743,                0.69575,                 1.3354,               0.001601,               0.001601,               0.001601
                     10,                 1.1352,                0.87391,                 1.2707,                0.95427,                0.80426,                0.88434,                0.59494,                 1.2019,                0.75282,                 1.4199,              0.0015927,              0.0015927,              0.0015927
                     11,                 1.1313,                0.87584,                 1.2719,                0.89412,                0.81439,                0.85359,                0.58073,                 1.1532,                0.83196,                 1.3965,              0.0015845,              0.0015845,              0.0015845
                     12,                 1.0924,                 0.8334,                 1.2391,                0.89624,                0.78737,                0.90752,                0.61449,                 1.1628,                0.71613,                 1.3691,              0.0015762,              0.0015762,              0.0015762
                     13,                 1.1203,                0.84309,                 1.2541,                0.91006,                0.76873,                 0.8898,                0.59655,                 1.1926,                0.76049,                 1.4128,               0.001568,               0.001568,               0.001568
                     14,                 1.0996,                0.79107,                 1.2464,                 0.9605,                0.81439,                0.91302,                0.63465,                 1.1669,                 0.7086,                  1.401,              0.0015597,              0.0015597,              0.0015597
                     15,                 1.1017,                0.81993,                 1.2391,                0.90332,                0.83188,                0.90683,                0.62924,                 1.1473,                0.67319,                 1.3766,              0.0015515,              0.0015515,              0.0015515
                     16,                 1.0861,                0.79151,                 1.2354,                0.95995,                0.83373,                0.92186,                 0.6281,                 1.1405,                0.61919,                 1.3644,              0.0015432,              0.0015432,              0.0015432
                     17,                 1.0707,                0.77854,                 1.2334,                0.91478,                0.80426,                0.90918,                0.62179,                 1.1647,                0.64511,                 1.3633,               0.001535,               0.001535,               0.001535
                     18,                 1.0649,                0.78726,                 1.2297,                0.89579,                0.79412,                0.89235,                0.62528,                 1.1946,                0.68624,                 1.4289,              0.0015267,              0.0015267,              0.0015267
                     19,                 1.0724,                0.77551,                 1.2266,                0.93069,                0.81596,                0.91571,                0.62385,                 1.2159,                0.69958,                 1.4255,              0.0015185,              0.0015185,              0.0015185
                     20,                 1.0458,                0.74739,                 1.2103,                0.84023,                0.81031,                0.89088,                0.61134,                 1.2286,                0.77661,                 1.4318,              0.0015102,              0.0015102,              0.0015102
                     21,                 1.0598,                0.76865,                 1.2218,                0.92054,                0.83129,                0.91831,                0.62349,                 1.2934,                0.68433,                 1.4986,               0.001502,               0.001502,               0.001502
                     22,                 1.0477,                0.73663,                 1.2157,                0.86285,                0.83292,                 0.8897,                0.61245,                  1.178,                0.69958,                 1.4361,              0.0014937,              0.0014937,              0.0014937
                     23,                 1.0764,                0.75988,                 1.2163,                0.91979,                0.84569,                0.91612,                0.64102,                 1.2119,                0.77974,                  1.406,              0.0014855,              0.0014855,              0.0014855
                     24,                 1.0237,                0.70543,                 1.2002,                0.89152,                0.85483,                 0.9019,                 0.6276,                 1.1486,                0.71538,                 1.3614,              0.0014772,              0.0014772,              0.0014772
                     25,                 1.0128,                0.70951,                  1.211,                0.93772,                0.80764,                0.90533,                0.61699,                 1.1852,                0.65485,                 1.3883,               0.001469,               0.001469,               0.001469
                     26,                 1.0224,                0.72826,                 1.2042,                0.93642,                0.80088,                0.91026,                 0.6133,                 1.1712,                0.73391,                 1.3917,              0.0014607,              0.0014607,              0.0014607
                     27,                 1.0237,                0.71971,                  1.198,                0.91711,                0.81941,                0.91819,                 0.6224,                 1.2182,                0.67595,                 1.4139,              0.0014525,              0.0014525,              0.0014525
                     28,                 1.0235,                0.70447,                 1.2082,                0.93428,                0.89167,                0.92875,                0.63695,                 1.2157,                0.59533,                 1.4108,              0.0014442,              0.0014442,              0.0014442
                     29,                 1.0138,                0.70343,                 1.1974,                0.83322,                 0.8624,                0.90777,                0.63352,                 1.1825,                0.69517,                 1.4359,               0.001436,               0.001436,               0.001436
                     30,                 1.0136,                0.69968,                 1.1905,                0.89642,                0.82617,                0.89273,                0.61227,                 1.3358,                0.63784,                 1.6098,              0.0014277,              0.0014277,              0.0014277
                     31,                 1.0197,                0.70025,                 1.1977,                0.87031,                0.80764,                0.90559,                0.62201,                 1.3088,                0.60422,                  1.572,              0.0014195,              0.0014195,              0.0014195
                     32,                 1.0142,                0.70472,                  1.189,                0.90835,                0.80669,                0.89693,                0.60647,                 1.2649,                0.74173,                  1.436,              0.0014112,              0.0014112,              0.0014112
                     33,                0.99747,                0.67475,                 1.1761,                 0.9078,                0.84988,                0.91299,                0.62747,                 1.2158,                0.64881,                 1.4118,              0.0014029,              0.0014029,              0.0014029
                     34,                 1.0202,                0.69008,                 1.2043,                0.92696,                0.85657,                0.91907,                0.62348,                 1.2493,                0.61501,                 1.4654,              0.0013947,              0.0013947,              0.0013947
                     35,                 1.0166,                0.66808,                 1.1772,                0.93564,                0.84644,                0.92671,                0.63066,                 1.2697,                0.64819,                 1.4992,              0.0013864,              0.0013864,              0.0013864
                     36,                0.97579,                0.66612,                 1.1695,                0.91948,                0.82985,                0.91925,                0.62874,                  1.271,                0.62888,                  1.522,              0.0013782,              0.0013782,              0.0013782
                     37,                 0.9731,                 0.6513,                 1.1752,                0.92478,                0.81214,                0.91467,                0.62318,                 1.2178,                0.66611,                 1.4335,              0.0013699,              0.0013699,              0.0013699
                     38,                0.98027,                0.63011,                 1.1646,                0.92627,                0.84964,                0.92482,                0.64232,                 1.2801,                0.58807,                 1.5139,              0.0013617,              0.0013617,              0.0013617
                     39,                0.98053,                0.64839,                 1.1592,                0.94939,                0.82791,                0.92645,                0.63082,                 1.2436,                0.59756,                 1.5165,              0.0013534,              0.0013534,              0.0013534
                     40,                0.96209,                0.62078,                 1.1598,                0.93748,                0.84072,                0.92043,                0.62994,                 1.2317,                0.65512,                 1.4783,              0.0013452,              0.0013452,              0.0013452
                     41,                0.96194,                0.63056,                 1.1564,                0.90626,                0.87062,                0.93235,                0.64711,                 1.1451,                0.65233,                 1.3888,              0.0013369,              0.0013369,              0.0013369
                     42,                0.96639,                0.62871,                 1.1669,                 0.9333,                0.83456,                0.91579,                0.61634,                  1.265,                0.67773,                 1.5338,              0.0013287,              0.0013287,              0.0013287
                     43,                  0.979,                0.63455,                 1.1696,                0.93963,                0.82453,                0.91505,                0.62292,                  1.129,                0.70272,                 1.3466,              0.0013204,              0.0013204,              0.0013204
                     44,                0.95481,                0.62808,                 1.1581,                0.91552,                 0.8262,                0.91317,                0.64762,                 1.1924,                0.67252,                 1.4317,              0.0013122,              0.0013122,              0.0013122
                     45,                0.97462,                0.62843,                 1.1677,                0.94534,                0.81597,                0.90604,                0.63794,                 1.2072,                0.68543,                 1.4302,              0.0013039,              0.0013039,              0.0013039
                     46,                0.95101,                0.61719,                 1.1704,                0.89423,                 0.8474,                0.91175,                0.61433,                 1.1994,                0.66783,                 1.4535,              0.0012957,              0.0012957,              0.0012957
                     47,                0.96339,                0.61892,                 1.1634,                0.93424,                0.80507,                0.91329,                0.63198,                 1.3103,                0.58264,                 1.6045,              0.0012874,              0.0012874,              0.0012874
                     48,                0.95302,                0.60105,                 1.1418,                0.93318,                0.85595,                0.93103,                0.64965,                 1.2944,                0.55737,                 1.5568,              0.0012792,              0.0012792,              0.0012792
                     49,                 0.9519,                0.60961,                 1.1521,                 0.9067,                0.78819,                0.90009,                 0.6403,                 1.2066,                0.78386,                 1.4409,              0.0012709,              0.0012709,              0.0012709
                     50,                0.93582,                0.60745,                 1.1607,                0.89554,                0.79283,                0.89759,                0.62545,                 1.2614,                0.73391,                 1.5535,              0.0012627,              0.0012627,              0.0012627
                     51,                0.92619,                0.60102,                 1.1584,                0.94016,                0.82055,                  0.912,                 0.6279,                 1.2642,                0.61172,                 1.4986,              0.0012544,              0.0012544,              0.0012544
                     52,                0.94725,                0.61163,                 1.1533,                0.93338,                0.82642,                 0.9084,                0.62067,                  1.166,                0.65907,                 1.4026,              0.0012462,              0.0012462,              0.0012462
                     53,                0.93624,                0.59843,                  1.134,                0.91195,                 0.8363,                 0.9017,                0.63292,                 1.2834,                0.65041,                 1.5311,              0.0012379,              0.0012379,              0.0012379
                     54,                0.92589,                0.57592,                 1.1492,                0.92351,                0.80426,                0.89991,                0.62917,                 1.1795,                0.68885,                 1.4254,              0.0012297,              0.0012297,              0.0012297
                     55,                0.93319,                0.57425,                 1.1387,                0.93028,                0.79942,                0.89967,                0.61148,                 1.1475,                0.62692,                 1.3895,              0.0012214,              0.0012214,              0.0012214
                     56,                 0.9069,                 0.5689,                 1.1286,                0.93149,                 0.8448,                0.92176,                0.63325,                 1.2849,                0.65893,                 1.5363,              0.0012132,              0.0012132,              0.0012132
                     57,                0.92075,                0.57925,                 1.1329,                0.91999,                 0.8513,                0.91961,                0.61018,                 1.2368,                0.66248,                 1.4273,              0.0012049,              0.0012049,              0.0012049
                     58,                0.92839,                0.57459,                 1.1357,                0.91375,                0.82955,                0.91345,                0.62913,                 1.2622,                0.64483,                  1.536,              0.0011967,              0.0011967,              0.0011967
                     59,                0.91809,                0.57214,                 1.1298,                0.95268,                0.81991,                0.93399,                0.64982,                 1.2268,                0.60565,                 1.4871,              0.0011884,              0.0011884,              0.0011884
                     60,                0.89457,                0.55931,                 1.1343,                0.96645,                 0.7975,                0.92679,                0.64231,                 1.2007,                0.67368,                 1.4575,              0.0011802,              0.0011802,              0.0011802
                     61,                 0.9076,                0.55768,                 1.1079,                 0.9377,                0.76372,                0.90173,                0.62986,                 1.2414,                0.73759,                 1.4658,              0.0011719,              0.0011719,              0.0011719
                     62,                0.90965,                 0.5636,                 1.1256,                0.88017,                0.83584,                0.91191,                0.60234,                 1.3065,                0.74247,                 1.5639,              0.0011636,              0.0011636,              0.0011636
                     63,                0.88475,                0.54307,                  1.116,                0.86675,                0.87674,                0.88883,                0.59074,                 1.2788,                0.72221,                 1.5026,              0.0011554,              0.0011554,              0.0011554
                     64,                0.89971,                0.55851,                  1.129,                0.90134,                 0.8447,                0.91411,                0.61602,                 1.2206,                0.65611,                 1.4484,              0.0011471,              0.0011471,              0.0011471
                     65,                0.89645,                0.56549,                 1.1282,                0.83616,                0.87321,                0.90408,                0.61287,                 1.2707,                0.67317,                  1.505,              0.0011389,              0.0011389,              0.0011389
                     66,                0.88431,                0.54459,                 1.1055,                0.92584,                0.84587,                 0.9161,                0.62533,                 1.2425,                0.66829,                 1.4941,              0.0011306,              0.0011306,              0.0011306
                     67,                0.89727,                0.55707,                 1.1303,                0.88551,                0.79343,                0.89095,                0.61454,                 1.2182,                0.69588,                 1.4637,              0.0011224,              0.0011224,              0.0011224
                     68,                0.89041,                0.54479,                 1.1231,                0.92034,                0.87286,                0.92578,                0.61713,                 1.2706,                0.64892,                 1.5433,              0.0011141,              0.0011141,              0.0011141
                     69,                0.87301,                0.54145,                 1.1304,                0.93698,                0.84973,                0.92315,                0.63138,                 1.2034,                0.67901,                 1.4301,              0.0011059,              0.0011059,              0.0011059
                     70,                0.87649,                0.52893,                 1.1047,                0.84743,                0.85551,                0.91039,                0.63633,                 1.2387,                0.71765,                 1.5293,              0.0010976,              0.0010976,              0.0010976
                     71,                0.86769,                0.53665,                  1.115,                 0.8886,                0.85985,                0.91067,                0.63169,                 1.2486,                0.66394,                 1.5473,              0.0010894,              0.0010894,              0.0010894
                     72,                0.86066,                0.51806,                 1.1093,                0.92394,                0.80881,                0.90208,                0.61161,                 1.2553,                0.68462,                 1.5299,              0.0010811,              0.0010811,              0.0010811
                     73,                0.88672,                0.54244,                 1.1278,                0.86913,                0.90377,                0.91834,                0.61809,                 1.3633,                0.64837,                 1.6337,              0.0010729,              0.0010729,              0.0010729
                     74,                0.85256,                0.51797,                 1.1077,                0.95291,                0.79653,                0.91537,                0.62574,                 1.3025,                0.66474,                 1.6002,              0.0010646,              0.0010646,              0.0010646
                     75,                0.86861,                 0.5264,                 1.1079,                 0.9598,                0.85364,                0.92702,                 0.6477,                 1.2284,                0.63123,                  1.501,              0.0010564,              0.0010564,              0.0010564
                     76,                0.85635,                0.51203,                 1.1037,                0.95587,                0.82928,                0.92515,                0.63607,                 1.2209,                0.68147,                 1.4734,              0.0010481,              0.0010481,              0.0010481
                     77,                 0.8402,                0.53087,                 1.1063,                0.86135,                0.89038,                0.91579,                0.63209,                 1.2411,                0.70991,                 1.4956,              0.0010399,              0.0010399,              0.0010399
                     78,                0.88155,                0.54038,                 1.1126,                0.93198,                0.87497,                0.93152,                0.63712,                 1.2444,                 0.5854,                 1.4639,              0.0010316,              0.0010316,              0.0010316
                     79,                0.84908,                0.51288,                 1.0903,                0.90824,                0.88186,                0.91964,                0.64773,                 1.2969,                0.61607,                 1.6019,              0.0010234,              0.0010234,              0.0010234
                     80,                 0.8382,                0.50998,                 1.0835,                0.91594,                0.84306,                0.89945,                0.63274,                 1.2621,                0.65079,                 1.5308,              0.0010151,              0.0010151,              0.0010151
                     81,                0.85177,                0.51104,                 1.0987,                0.91586,                0.83056,                 0.9147,                0.62549,                 1.3071,                0.62163,                 1.5303,              0.0010069,              0.0010069,              0.0010069
                     82,                0.84411,                0.52193,                 1.0965,                0.96499,                 0.8254,                0.92817,                 0.6317,                  1.276,                0.62723,                 1.5647,             0.00099862,             0.00099862,             0.00099862
                     83,                0.83102,                0.50797,                 1.0852,                0.90543,                0.89363,                0.92821,                0.62979,                 1.3161,                0.59885,                 1.6381,             0.00099036,             0.00099036,             0.00099036
                     84,                0.82238,                0.49978,                 1.0842,                0.89264,                0.86159,                0.92494,                0.63762,                 1.2541,                0.63881,                 1.5446,             0.00098211,             0.00098211,             0.00098211
                     85,                0.84684,                0.51339,                 1.0807,                 0.8704,                0.91052,                0.93127,                0.63433,                 1.3212,                0.60221,                 1.5306,             0.00097386,             0.00097386,             0.00097386
                     86,                0.84599,                 0.5108,                 1.0908,                 0.9215,                  0.825,                0.92936,                 0.6259,                 1.2503,                0.69067,                 1.5039,             0.00096561,             0.00096561,             0.00096561
                     87,                0.82183,                0.49514,                 1.0866,                0.88682,                0.90185,                0.92792,                0.62833,                 1.2791,                 0.6667,                 1.5486,             0.00095736,             0.00095736,             0.00095736
                     88,                0.83361,                0.50287,                 1.0792,                0.88513,                0.87848,                0.92117,                0.63022,                 1.3177,                0.63592,                 1.6682,             0.00094911,             0.00094911,             0.00094911
                     89,                0.81191,                0.49615,                  1.075,                0.94336,                 0.7981,                0.90337,                0.61466,                 1.3859,                0.56997,                 1.7817,             0.00094085,             0.00094085,             0.00094085
                     90,                0.82245,                0.50515,                 1.0795,                0.93978,                0.84153,                0.92154,                0.64163,                 1.1961,                 0.7047,                 1.4311,              0.0009326,              0.0009326,              0.0009326
                     91,                0.80953,                0.49365,                 1.0858,                0.88789,                0.87965,                 0.9126,                0.62433,                 1.2434,                 0.7354,                 1.5148,             0.00092435,             0.00092435,             0.00092435
                     92,                0.81198,                0.49345,                 1.0723,                0.89959,                0.83712,                0.90085,                0.58639,                 1.3124,                0.67828,                  1.618,              0.0009161,              0.0009161,              0.0009161
                     93,                0.81153,                0.48676,                 1.0742,                0.84509,                0.85483,                0.89328,                0.60886,                 1.2145,                0.70948,                 1.4615,             0.00090785,             0.00090785,             0.00090785
                     94,                0.80308,                0.48767,                 1.0847,                0.87297,                0.88862,                 0.9188,                0.62236,                 1.1807,                0.62243,                 1.4586,              0.0008996,              0.0008996,              0.0008996
                     95,                 0.8114,                0.49086,                  1.075,                0.91838,                0.85319,                0.91708,                0.63397,                 1.2433,                0.59437,                 1.4928,             0.00089134,             0.00089134,             0.00089134
                     96,                0.81641,                0.47781,                 1.0811,                0.92324,                0.85145,                0.92725,                0.63971,                 1.1803,                0.66159,                 1.4335,             0.00088309,             0.00088309,             0.00088309
                     97,                0.79884,                0.46695,                 1.0608,                0.89801,                0.85389,                0.91822,                0.63408,                  1.194,                0.59687,                 1.4784,             0.00087484,             0.00087484,             0.00087484
                     98,                 0.7859,                0.46797,                 1.0585,                0.94189,                0.85448,                 0.9324,                0.64101,                 1.2541,                0.60812,                 1.5425,             0.00086659,             0.00086659,             0.00086659
                     99,                0.79207,                 0.4807,                 1.0702,                0.96748,                0.80658,                0.92337,                0.63573,                 1.2326,                0.61131,                 1.5424,             0.00085834,             0.00085834,             0.00085834
                    100,                0.78261,                0.45717,                 1.0693,                0.90195,                0.89175,                0.93552,                0.64337,                 1.1722,                0.65476,                 1.4612,             0.00085009,             0.00085009,             0.00085009
                    101,                0.82259,                0.48235,                  1.064,                0.93277,                0.83575,                0.92029,                0.64459,                 1.2326,                0.60156,                 1.5058,             0.00084184,             0.00084184,             0.00084184
                    102,                 0.7888,                0.46712,                 1.0624,                0.89868,                0.87172,                0.92145,                0.62565,                 1.2645,                0.61423,                 1.5295,             0.00083358,             0.00083358,             0.00083358
                    103,                0.77778,                0.45931,                 1.0643,                0.86311,                0.89701,                0.90811,                0.60671,                 1.3015,                0.65219,                 1.6034,             0.00082533,             0.00082533,             0.00082533
                    104,                0.80653,                0.47834,                 1.0578,                 0.9283,                0.84762,                0.91681,                0.64277,                  1.233,                0.62273,                 1.5399,             0.00081708,             0.00081708,             0.00081708
                    105,                0.77723,                0.45503,                 1.0588,                 0.9407,                0.86475,                0.93469,                0.63468,                 1.2692,                0.62484,                 1.5839,             0.00080883,             0.00080883,             0.00080883
                    106,                0.77625,                0.47217,                 1.0624,                0.96495,                0.79457,                0.90854,                0.63138,                 1.2654,                0.66266,                 1.5654,             0.00080058,             0.00080058,             0.00080058
                    107,                0.77262,                0.46234,                 1.0536,                0.89596,                0.89506,                0.91805,                0.61718,                 1.2442,                0.64915,                 1.5973,             0.00079233,             0.00079233,             0.00079233
                    108,                0.76848,                0.45084,                 1.0465,                0.94069,                0.85102,                0.91894,                 0.6282,                 1.2907,                  0.613,                 1.6001,             0.00078407,             0.00078407,             0.00078407
                    109,                0.76888,                0.46467,                 1.0478,                0.94032,                0.84644,                0.91783,                0.63052,                 1.2088,                0.61529,                 1.5133,             0.00077582,             0.00077582,             0.00077582
                    110,                0.76036,                0.44747,                 1.0613,                0.94466,                0.82955,                0.91395,                0.63561,                 1.2211,                0.63018,                  1.527,             0.00076757,             0.00076757,             0.00076757
                    111,                0.77743,                0.46432,                 1.0565,                0.89236,                0.86159,                0.92053,                0.64919,                 1.1611,                0.65696,                  1.497,             0.00075932,             0.00075932,             0.00075932
                    112,                  0.758,                0.45526,                 1.0619,                0.92791,                0.82986,                0.91909,                0.63558,                  1.238,                0.63144,                 1.5576,             0.00075107,             0.00075107,             0.00075107
                    113,                 0.7576,                0.43967,                 1.0523,                0.93709,                0.85611,                0.92611,                0.63078,                 1.3104,                0.61948,                 1.6819,             0.00074282,             0.00074282,             0.00074282
                    114,                0.76103,                0.46368,                 1.0472,                0.95901,                0.79062,                0.90383,                0.60682,                 1.3115,                0.62497,                 1.6851,             0.00073456,             0.00073456,             0.00073456
                    115,                0.75212,                 0.4508,                 1.0525,                0.91241,                 0.8321,                0.91359,                0.63304,                 1.2948,                0.60805,                  1.654,             0.00072631,             0.00072631,             0.00072631
                    116,                0.73011,                0.42753,                  1.032,                  0.902,                0.85483,                0.91744,                 0.6244,                 1.2348,                 0.6175,                 1.5134,             0.00071806,             0.00071806,             0.00071806
                    117,                  0.754,                0.45266,                 1.0415,                0.90801,                0.83794,                0.91423,                0.63238,                  1.264,                0.60178,                 1.6513,             0.00070981,             0.00070981,             0.00070981
                    118,                0.74291,                0.44691,                 1.0358,                0.89924,                0.83118,                0.92045,                0.63551,                 1.1851,                0.62683,                 1.4802,             0.00070156,             0.00070156,             0.00070156
                    119,                0.73928,                0.43305,                 1.0433,                0.97716,                0.80557,                 0.9134,                0.63011,                 1.2451,                0.58284,                 1.5924,             0.00069331,             0.00069331,             0.00069331
                    120,                0.74993,                0.44156,                 1.0424,                0.89377,                0.84982,                 0.9179,                 0.6383,                  1.241,                 0.6215,                 1.6716,             0.00068505,             0.00068505,             0.00068505
                    121,                0.72919,                0.43107,                 1.0377,                0.91264,                0.86948,                0.91834,                0.63292,                 1.2579,                0.58736,                 1.5854,              0.0006768,              0.0006768,              0.0006768
                    122,                0.72988,                0.44731,                 1.0335,                0.93116,                0.87501,                0.93134,                0.63927,                 1.2495,                0.57973,                 1.6033,             0.00066855,             0.00066855,             0.00066855
                    123,                0.71891,                0.43353,                 1.0345,                0.91868,                0.87266,                0.93244,                0.63154,                 1.2439,                0.59655,                 1.6103,              0.0006603,              0.0006603,              0.0006603
                    124,                0.71614,                0.42652,                 1.0277,                0.88685,                0.87253,                0.92612,                0.65326,                 1.2129,                0.64691,                 1.6216,             0.00065205,             0.00065205,             0.00065205
                    125,                 0.7248,                0.43757,                 1.0493,                0.92531,                0.86497,                 0.9174,                0.63141,                 1.2522,                  0.639,                 1.6363,              0.0006438,              0.0006438,              0.0006438
                    126,                0.72621,                0.42393,                 1.0342,                0.92987,                 0.8409,                0.91922,                0.63194,                 1.2106,                0.64016,                  1.603,             0.00063554,             0.00063554,             0.00063554
                    127,                0.72351,                0.42257,                 1.0334,                0.93584,                0.81116,                0.91643,                0.62645,                 1.2606,                0.60561,                 1.6304,             0.00062729,             0.00062729,             0.00062729
                    128,                0.71327,                0.42202,                 1.0391,                0.95604,                0.80211,                0.91859,                 0.6315,                 1.2416,                0.57622,                 1.6161,             0.00061904,             0.00061904,             0.00061904
                    129,                0.71343,                0.42477,                 1.0236,                0.93035,                0.85319,                0.92794,                0.64004,                 1.2251,                0.60661,                 1.5783,             0.00061079,             0.00061079,             0.00061079
                    130,                0.70675,                0.42112,                  1.031,                0.88239,                0.87948,                0.91005,                0.64016,                 1.2546,                0.61814,                 1.6518,             0.00060254,             0.00060254,             0.00060254
                    131,                0.72319,                0.43104,                 1.0354,                0.87806,                0.88574,                0.91649,                0.64292,                 1.2322,                0.60173,                 1.6041,             0.00059429,             0.00059429,             0.00059429
                    132,                0.71837,                0.43357,                 1.0305,                0.91312,                0.84159,                0.92382,                0.63905,                 1.2277,                0.65769,                  1.588,             0.00058603,             0.00058603,             0.00058603
                    133,                0.69451,                0.41111,                 1.0268,                0.92325,                0.84003,                0.90922,                0.61733,                 1.2625,                0.62896,                 1.6529,             0.00057778,             0.00057778,             0.00057778
                    134,                0.69199,                 0.4108,                 1.0129,                0.86694,                0.85821,                0.91155,                0.61788,                 1.2701,                0.65557,                 1.6449,             0.00056953,             0.00056953,             0.00056953
                    135,                0.70987,                0.42717,                 1.0108,                0.89883,                0.85387,                0.91166,                0.63232,                 1.2701,                0.63807,                 1.6287,             0.00056128,             0.00056128,             0.00056128
                    136,                0.69412,                 0.4192,                 1.0165,                0.94439,                0.84368,                0.92319,                0.63659,                 1.2231,                0.64953,                  1.578,             0.00055303,             0.00055303,             0.00055303
                    137,                0.68956,                 0.4117,                 1.0213,                0.91431,                0.84907,                0.90836,                0.63413,                 1.2658,                0.61587,                 1.6295,             0.00054478,             0.00054478,             0.00054478
                    138,                0.70292,                0.41505,                 1.0168,                0.95013,                0.83968,                 0.9215,                0.62459,                 1.2607,                0.58759,                 1.6045,             0.00053652,             0.00053652,             0.00053652
                    139,                0.68987,                0.41126,                 1.0091,                0.86427,                0.88225,                0.91604,                0.61443,                 1.2842,                0.62239,                 1.6649,             0.00052827,             0.00052827,             0.00052827
                    140,                 0.6815,                0.40445,                 1.0144,                0.89775,                0.87336,                0.91049,                0.61745,                 1.2997,                0.63277,                 1.6874,             0.00052002,             0.00052002,             0.00052002
                    141,                0.70069,                0.41393,                 1.0136,                0.93273,                0.84987,                0.91284,                0.61845,                 1.2592,                0.61313,                 1.6478,             0.00051177,             0.00051177,             0.00051177
                    142,                0.66385,                0.40562,                 1.0034,                0.97666,                0.81845,                0.92601,                0.62193,                 1.2812,                0.59337,                 1.6889,             0.00050352,             0.00050352,             0.00050352
                    143,                0.67182,                0.39706,                 1.0087,                0.90477,                0.87413,                0.91783,                0.62483,                 1.2951,                0.62745,                 1.6778,             0.00049527,             0.00049527,             0.00049527
                    144,                0.66821,                0.40036,                 1.0073,                0.89899,                0.87527,                0.92812,                0.62929,                 1.2821,                0.57794,                 1.6675,             0.00048701,             0.00048701,             0.00048701
                    145,                0.66837,                0.40068,                 1.0013,                0.90151,                0.87674,                 0.9122,                0.62302,                 1.2713,                0.59661,                 1.6768,             0.00047876,             0.00047876,             0.00047876
                    146,                0.65577,                0.39058,                 1.0143,                0.92449,                0.82638,                0.91694,                0.61262,                  1.267,                0.64224,                 1.7006,             0.00047051,             0.00047051,             0.00047051
                    147,                0.66767,                 0.4013,                 1.0048,                0.88099,                0.85821,                0.91416,                0.62088,                 1.2383,                0.66296,                 1.6497,             0.00046226,             0.00046226,             0.00046226
                    148,                0.66819,                0.40375,                 1.0081,                0.91716,                0.86016,                0.91797,                0.60624,                 1.2626,                0.61471,                 1.6921,             0.00045401,             0.00045401,             0.00045401
                    149,                0.64758,                0.39141,                 1.0021,                0.88758,                0.86674,                0.90933,                0.61317,                 1.2674,                0.62012,                 1.7253,             0.00044576,             0.00044576,             0.00044576
                    150,                0.67324,                 0.4002,                  1.008,                 0.9002,                0.87994,                0.91845,                0.62713,                 1.2898,                0.63335,                 1.7533,              0.0004375,              0.0004375,              0.0004375
                    151,                0.65791,                0.38755,                0.99433,                0.88374,                0.87234,                0.91084,                0.62193,                 1.2802,                0.65983,                 1.7417,             0.00042925,             0.00042925,             0.00042925
                    152,                0.66885,                0.40481,                 1.0155,                0.89682,                0.85788,                 0.9086,                0.63042,                 1.2429,                 0.5808,                 1.6544,               0.000421,               0.000421,               0.000421
                    153,                0.66117,                0.39403,                0.99806,                0.90667,                0.86661,                0.91961,                0.63284,                 1.2732,                0.60051,                 1.6812,             0.00041275,             0.00041275,             0.00041275
                    154,                0.66187,                0.39102,                 1.0087,                0.91416,                0.86085,                 0.9319,                0.63572,                 1.2755,                0.65561,                  1.649,              0.0004045,              0.0004045,              0.0004045
                    155,                0.67351,                0.39697,                 1.0022,                  0.925,                0.82955,                 0.9103,                0.61556,                 1.3088,                0.64102,                 1.7085,             0.00039625,             0.00039625,             0.00039625
                    156,                0.64337,                 0.3798,                0.99821,                 0.8839,                0.87057,                0.92155,                0.63163,                 1.2981,                0.65566,                 1.7152,             0.00038799,             0.00038799,             0.00038799
                    157,                0.64175,                 0.3824,                0.99508,                0.86439,                0.88244,                0.91853,                0.62423,                 1.3009,                0.62564,                 1.7239,             0.00037974,             0.00037974,             0.00037974
                    158,                0.64952,                0.39082,                0.99733,                0.86001,                0.88869,                0.91592,                0.62374,                 1.2782,                0.62591,                 1.7384,             0.00037149,             0.00037149,             0.00037149
                    159,                0.63956,                 0.3826,                0.99396,                0.88301,                0.89701,                0.92395,                0.62651,                 1.2752,                 0.6445,                 1.6865,             0.00036324,             0.00036324,             0.00036324
                    160,                0.64127,                0.38609,                 0.9956,                0.92341,                0.83118,                0.91629,                0.62581,                 1.2739,                0.60027,                  1.691,             0.00035499,             0.00035499,             0.00035499
                    161,                0.65969,                0.38245,                 1.0099,                0.95073,                0.85309,                0.92597,                0.62639,                 1.3091,                0.61366,                 1.7308,             0.00034674,             0.00034674,             0.00034674
                    162,                0.66355,                0.39362,                 0.9893,                0.91746,                0.86661,                0.92192,                0.62016,                 1.3137,                 0.5999,                 1.7608,             0.00033848,             0.00033848,             0.00033848
                    163,                0.62281,                0.37507,                  0.985,                0.95499,                 0.8447,                0.92591,                0.62979,                 1.3121,                0.61361,                 1.7511,             0.00033023,             0.00033023,             0.00033023
                    164,                0.63419,                0.38121,                0.99595,                0.90861,                   0.87,                0.91045,                0.60978,                 1.3038,                0.62912,                 1.7472,             0.00032198,             0.00032198,             0.00032198
                    165,                0.63664,                0.37865,                0.98926,                0.90254,                0.88244,                0.91543,                0.62015,                 1.3018,                0.60872,                 1.6952,             0.00031373,             0.00031373,             0.00031373
                    166,                0.63102,                0.37711,                0.99054,                0.88806,                0.88012,                0.91987,                0.62833,                 1.3398,                0.57946,                 1.8192,             0.00030548,             0.00030548,             0.00030548
                    167,                0.63479,                  0.379,                0.98637,                0.89982,                 0.8824,                0.92256,                0.63492,                 1.3063,                0.61739,                 1.7772,             0.00029723,             0.00029723,             0.00029723
                    168,                0.61704,                0.36644,                0.97765,                0.88721,                0.87861,                 0.9103,                0.62194,                 1.3152,                0.66695,                 1.7596,             0.00028897,             0.00028897,             0.00028897
                    169,                0.61169,                0.36278,                0.98331,                0.92938,                0.85777,                0.91206,                0.61281,                 1.3183,                 0.6631,                 1.7804,             0.00028072,             0.00028072,             0.00028072
                    170,                0.62421,                0.37584,                 0.9863,                0.89398,                 0.8835,                0.90973,                0.62225,                 1.2903,                0.64559,                 1.7475,             0.00027247,             0.00027247,             0.00027247
                    171,                0.62167,                0.36402,                0.97511,                0.89621,                0.88318,                 0.9132,                0.63466,                 1.2946,                0.64455,                 1.7268,             0.00026422,             0.00026422,             0.00026422
                    172,                0.61953,                0.36578,                0.97938,                0.92191,                0.86323,                 0.9245,                0.63616,                 1.2742,                0.65738,                 1.7071,             0.00025597,             0.00025597,             0.00025597
                    173,                0.59889,                0.35483,                0.97791,                0.92936,                0.86229,                0.92473,                 0.6319,                 1.2844,                0.65053,                 1.7141,             0.00024772,             0.00024772,             0.00024772
                    174,                0.61697,                 0.3701,                 0.9932,                0.91328,                0.87523,                0.91888,                0.62169,                 1.2835,                0.62793,                 1.7167,             0.00023946,             0.00023946,             0.00023946
                    175,                0.62493,                0.37514,                0.97458,                0.90456,                 0.8751,                0.92422,                0.62673,                 1.2754,                0.61876,                 1.7353,             0.00023121,             0.00023121,             0.00023121
                    176,                0.59359,                0.35774,                0.97442,                0.90802,                0.87583,                0.91981,                0.62177,                 1.2582,                0.60046,                 1.7315,             0.00022296,             0.00022296,             0.00022296
                    177,                0.60496,                0.36596,                 0.9762,                0.93326,                0.86149,                 0.9157,                0.63188,                 1.2733,                0.66436,                  1.723,             0.00021471,             0.00021471,             0.00021471
                    178,                0.60927,                0.36038,                0.98403,                0.91355,                0.85647,                0.91005,                0.63016,                 1.2684,                0.64879,                 1.7248,             0.00020646,             0.00020646,             0.00020646
                    179,                0.60481,                0.36189,                0.97085,                0.91377,                0.85922,                0.91862,                0.63232,                 1.2628,                0.63735,                 1.7231,             0.00019821,             0.00019821,             0.00019821
                    180,                0.60481,                0.35785,                0.97527,                0.91223,                0.86722,                0.92581,                0.63917,                 1.2506,                 0.6371,                  1.702,             0.00018995,             0.00018995,             0.00018995
                    181,                0.59957,                0.35752,                0.97729,                0.91136,                 0.8621,                0.92094,                 0.6192,                 1.2606,                0.63326,                 1.7028,              0.0001817,              0.0001817,              0.0001817
                    182,                 0.5969,                 0.3586,                0.97688,                0.89361,                0.86029,                0.91063,                0.61795,                 1.2705,                0.64047,                 1.7205,             0.00017345,             0.00017345,             0.00017345
                    183,                0.58917,                0.35581,                0.97404,                0.96742,                0.80743,                0.90975,                 0.6222,                 1.2948,                0.66284,                 1.7508,              0.0001652,              0.0001652,              0.0001652
                    184,                0.58912,                0.35632,                0.97012,                0.88777,                0.85985,                0.91533,                0.62772,                 1.2965,                  0.657,                 1.7631,             0.00015695,             0.00015695,             0.00015695
                    185,                0.59378,                0.36124,                0.96873,                0.86941,                0.88012,                0.91698,                 0.6128,                 1.3067,                 0.6629,                  1.764,              0.0001487,              0.0001487,              0.0001487
                    186,                0.59694,                 0.3495,                0.96128,                0.89698,                0.85689,                0.91497,                   0.62,                 1.3124,                0.65894,                 1.7654,             0.00014044,             0.00014044,             0.00014044
                    187,                0.59473,                 0.3528,                0.97181,                0.90105,                0.86092,                0.91094,                0.62006,                 1.3171,                0.62972,                 1.8109,             0.00013219,             0.00013219,             0.00013219
                    188,                0.59288,                0.35957,                0.96128,                0.90568,                 0.8614,                0.90836,                0.61493,                 1.3023,                0.63107,                 1.7761,             0.00012394,             0.00012394,             0.00012394
                    189,                0.57784,                 0.3476,                 0.9733,                0.92098,                0.85281,                0.91052,                0.61591,                  1.285,                0.63597,                 1.7592,             0.00011569,             0.00011569,             0.00011569
                    190,                0.58695,                0.35164,                  0.968,                0.93041,                0.84516,                0.91894,                0.61989,                 1.2786,                  0.631,                 1.7399,             0.00010744,             0.00010744,             0.00010744
                    191,                0.58692,                0.35002,                0.97026,                0.90445,                0.86364,                0.92077,                0.62062,                 1.2815,                 0.6376,                 1.7536,             9.9187e-05,             9.9187e-05,             9.9187e-05
                    192,                0.58763,                0.34488,                0.97022,                0.92761,                0.85699,                0.92176,                0.61944,                 1.2879,                0.64928,                 1.7548,             9.0935e-05,             9.0935e-05,             9.0935e-05
                    193,                0.57025,                0.34507,                0.96198,                0.90956,                0.84224,                0.91234,                 0.6214,                 1.2834,                0.64748,                 1.7443,             8.2683e-05,             8.2683e-05,             8.2683e-05
                    194,                0.57272,                0.34811,                0.96294,                0.91713,                0.84477,                0.91053,                0.62526,                 1.2869,                0.65711,                 1.7438,             7.4432e-05,             7.4432e-05,             7.4432e-05
                    195,                0.56959,                0.34508,                0.96372,                0.92324,                0.84294,                0.91606,                 0.6225,                 1.2922,                0.65148,                 1.7716,              6.618e-05,              6.618e-05,              6.618e-05
                    196,                0.58863,                0.35695,                0.96897,                0.90598,                0.85647,                0.91676,                0.61693,                 1.3004,                0.63263,                 1.7924,             5.7928e-05,             5.7928e-05,             5.7928e-05
                    197,                0.57921,                0.35695,                0.96783,                0.92629,                0.84971,                0.92142,                0.62567,                 1.2925,                0.62848,                 1.7723,             4.9677e-05,             4.9677e-05,             4.9677e-05
                    198,                0.57301,                0.34179,                0.95891,                0.92159,                0.86095,                0.92456,                0.62695,                  1.287,                0.62087,                 1.7649,             4.1425e-05,             4.1425e-05,             4.1425e-05
                    199,                0.58249,                0.34573,                0.96868,                0.92808,                0.85869,                0.92354,                0.62893,                 1.2895,                0.61975,                 1.7649,             3.3173e-05,             3.3173e-05,             3.3173e-05
